Computer Time,Arduino Millis,BME680_IAQ,BME680_Accuracy,BME680_Temperature_C,BME680_Humidity_Percent,BME680_CO2_ppm,BME680_VOC,BME680_Pressure_hPa,BME680_Gas_Ohms,BME280_Temperature_C,BME280_Humidity_Percent,BME280_Pressure_hPa,BME280_Altitude_m,ENS160_AQI,ENS160_TVOC_ppb,ENS160_eCO2_ppm,ENS160_HP0_Ohms,ENS160_HP1_Ohms,ENS160_HP2_Ohms,ENS160_HP3_Ohms,AHT21_Temperature_C,AHT21_Humidity_Percent
2026-06-07 11:22:11,2628,101.71,0,34.24,14.25,1093.75,1.92,998.40,83810,28.47,25.53,998.54,158.42,1,24,400,33815,1,19823,30530,33.14,23.57
2026-06-07 11:22:15,6714,101.72,0,34.20,15.80,1093.83,1.92,998.40,78032,29.03,24.71,998.55,158.34,2,69,494,34486,1,20596,31903,33.48,23.06
2026-06-07 11:22:18,10116,101.74,0,34.25,17.15,1094.09,1.92,998.37,79213,29.34,24.19,998.53,158.48,1,52,461,34439,1,20905,32338,33.81,22.73
2026-06-07 11:22:22,13517,101.79,0,34.21,18.28,1094.57,1.93,998.39,80507,29.59,23.60,998.47,158.95,1,40,437,35027,1,21268,32613,34.07,22.23
2026-06-07 11:22:25,16919,101.84,0,34.13,19.40,1095.23,1.93,998.41,82490,29.72,23.58,998.48,158.86,1,39,434,35193,1,21507,32338,34.14,22.04
2026-06-07 11:22:28,20321,101.92,0,34.03,20.53,1096.08,1.93,998.40,82734,29.91,23.89,998.52,158.60,1,34,422,34826,1,21478,32393,34.32,21.97
2026-06-07 11:22:32,23723,102.00,0,33.97,21.37,1097.05,1.94,998.41,83894,30.16,23.41,998.55,158.29,1,19,400,34732,1,21742,33158,34.57,21.86
2026-06-07 11:22:35,27124,102.09,0,33.94,21.65,1098.10,1.94,998.42,85435,30.38,22.07,998.51,158.66,1,23,400,35552,1,21830,33012,34.81,21.16
2026-06-07 11:22:39,30526,102.18,0,34.02,21.85,1099.14,1.95,998.39,87033,30.57,21.90,998.53,158.52,1,23,400,35312,1,21793,33327,34.90,20.97
2026-06-07 11:22:42,33929,102.29,0,34.29,22.22,1100.37,1.95,998.41,86762,30.82,22.08,998.52,158.57,1,25,403,34956,1,22038,33124,35.11,20.87
2026-06-07 11:22:45,37330,102.40,0,34.46,22.60,1101.63,1.96,998.43,87487,31.02,22.17,998.52,158.53,1,35,426,34790,1,22016,32513,35.28,20.91
2026-06-07 11:22:49,40732,102.52,0,34.73,22.49,1102.96,1.96,998.43,87947,31.29,21.52,998.56,158.19,1,29,412,35074,1,21956,32812,35.55,20.65
2026-06-07 11:22:52,44134,102.64,0,35.02,22.26,1104.33,1.97,998.42,88504,31.57,21.41,998.53,158.50,1,35,426,35709,1,21815,32613,35.82,20.46
2026-06-07 11:22:56,47536,102.77,0,35.33,22.05,1105.85,1.98,998.43,88598,31.79,20.92,998.52,158.54,1,33,421,35408,1,22083,32767,36.13,20.27
2026-06-07 11:22:59,50937,102.89,0,35.42,21.76,1107.30,1.98,998.44,89545,32.05,20.29,998.56,158.21,1,29,412,35039,1,21971,33012,36.48,19.90
2026-06-07 11:23:03,54339,103.01,0,35.43,21.72,1108.61,1.99,998.44,90709,32.24,19.85,998.53,158.45,1,35,426,35528,1,21823,32723,36.72,19.47
2026-06-07 11:23:06,57741,103.18,0,35.68,21.88,1110.57,2.00,998.41,89545,32.45,19.99,998.55,158.30,1,41,437,34626,1,21668,32371,36.97,19.78
2026-06-07 11:23:09,61144,103.36,0,35.82,22.25,1112.60,2.01,998.42,89737,32.49,20.15,998.57,158.13,1,37,430,34696,1,21808,32491,37.02,19.56
2026-06-07 11:23:13,64545,103.55,0,35.99,22.37,1114.83,2.02,998.44,89641,32.54,21.08,998.55,158.27,1,40,435,34462,1,21830,32393,37.26,19.73
2026-06-07 11:23:16,67947,103.74,0,36.29,22.32,1117.06,2.03,998.42,89834,32.67,20.48,998.58,158.07,1,41,439,34532,1,21727,32207,37.43,19.80
2026-06-07 11:23:20,71349,103.87,0,36.30,21.80,1118.56,2.03,998.40,91602,32.84,19.39,998.60,157.88,1,32,420,34767,1,22308,32723,37.73,19.26
2026-06-07 11:23:23,74750,104.02,0,36.30,21.19,1120.19,2.04,998.39,92207,33.09,18.78,998.59,158.02,1,30,415,34897,1,22195,33012,38.07,18.68
2026-06-07 11:23:26,78152,104.12,0,36.30,20.68,1121.36,2.05,998.41,93651,33.23,18.37,998.56,158.24,1,26,406,34932,1,22605,33599,38.29,18.19
2026-06-07 11:23:30,81555,104.22,0,36.53,20.35,1122.50,2.05,998.41,94390,33.39,18.22,998.56,158.19,1,30,413,34614,1,22263,33496,38.47,17.82
2026-06-07 11:23:33,84957,104.33,0,36.69,20.18,1123.77,2.06,998.39,94925,33.50,18.11,998.57,158.16,1,24,401,33964,1,22361,33918,38.60,17.45
2026-06-07 11:23:37,88358,104.45,0,36.88,19.94,1125.11,2.06,998.40,95466,33.68,17.90,998.56,158.23,1,36,427,34509,1,22083,33091,38.70,17.21
2026-06-07 11:23:40,91760,104.72,0,36.96,19.75,1128.28,2.08,998.41,94260,33.60,17.49,998.57,158.12,1,38,432,34614,1,22233,32934,38.55,16.89
2026-06-07 11:23:43,95162,104.97,0,37.10,19.48,1131.11,2.09,998.41,94901,33.45,16.99,998.54,158.36,1,20,400,34790,1,22203,34265,38.35,16.35
2026-06-07 11:23:47,98564,105.12,0,37.17,19.04,1132.90,2.10,998.40,96375,33.12,16.67,998.58,158.07,1,24,401,36037,1,23076,34288,38.08,15.97
2026-06-07 11:23:50,101965,105.24,0,37.31,18.75,1134.27,2.11,998.38,97384,33.08,17.66,998.53,158.48,1,30,414,35613,1,23123,34288,38.18,16.13
2026-06-07 11:23:54,105368,105.39,0,37.41,18.82,1135.92,2.11,998.39,97782,33.01,17.69,998.53,158.47,1,29,412,35806,1,23304,34708,38.22,16.23
2026-06-07 11:23:57,108770,105.59,0,37.66,18.82,1138.30,2.13,998.40,97668,32.97,18.75,998.55,158.30,1,30,413,35588,1,23288,34614,38.31,16.69
2026-06-07 11:24:00,112172,105.91,0,37.77,19.20,1141.95,2.14,998.37,97045,33.02,18.89,998.58,158.09,1,35,426,35408,1,22851,34462,38.48,17.06
2026-06-07 11:24:04,115573,106.26,0,37.85,19.41,1145.95,2.16,998.38,96933,32.99,19.19,998.57,158.19,1,31,415,36061,1,23637,34661,38.41,17.12
2026-06-07 11:24:07,118975,106.67,0,37.96,19.46,1150.64,2.19,998.39,96597,32.97,19.01,998.56,158.25,1,22,400,35927,1,23701,35217,38.34,17.40
2026-06-07 11:24:11,122378,107.07,0,38.03,19.52,1155.21,2.21,998.38,96709,33.06,19.03,998.56,158.20,1,24,401,35794,1,23717,35265,38.48,17.50
2026-06-07 11:24:14,125779,107.40,0,38.09,19.54,1159.04,2.23,998.39,97214,33.19,18.96,998.54,158.42,1,24,400,36171,1,23766,35348,38.72,17.48
2026-06-07 11:24:17,129181,107.96,0,38.23,19.58,1165.44,2.26,998.35,95989,33.42,19.09,998.56,158.20,1,27,407,36086,1,23677,35062,38.98,17.63
2026-06-07 11:24:21,132583,108.62,0,38.45,19.62,1173.02,2.30,998.38,95170,33.59,19.37,998.56,158.19,1,29,411,35528,1,23470,34873,39.02,17.76
2026-06-07 11:24:24,135985,109.19,0,38.62,19.83,1179.55,2.33,998.38,95248,33.82,20.16,998.55,158.28,1,40,436,35217,1,23486,34288,39.16,18.19
2026-06-07 11:24:28,139387,109.78,0,38.61,20.25,1186.31,2.37,998.38,94925,34.06,20.18,998.61,157.79,1,44,444,35015,1,22820,33907,39.35,18.57
2026-06-07 11:24:31,142789,110.37,0,38.61,20.43,1193.18,2.41,998.36,94710,34.15,19.53,998.60,157.92,1,42,441,35348,1,23249,33907,39.36,18.37
2026-06-07 11:24:34,146191,110.77,0,38.71,20.19,1197.68,2.43,998.38,95574,34.30,18.76,998.58,158.05,1,30,415,35039,1,23296,34708,39.56,18.21
2026-06-07 11:24:38,149593,111.46,0,38.85,19.70,1205.60,2.48,998.37,94526,34.38,17.51,998.57,158.14,1,27,408,35217,1,23438,35540,39.47,17.43
2026-06-07 11:24:41,152995,111.89,0,38.96,19.31,1210.57,2.50,998.40,95574,34.49,17.90,998.57,158.15,1,36,428,35420,1,23454,34991,39.69,17.42
2026-06-07 11:24:45,156397,112.63,0,39.00,19.10,1219.05,2.55,998.41,94633,34.58,17.78,998.55,158.27,1,43,443,35074,1,23581,34579,39.72,17.20
2026-06-07 11:24:48,159799,113.17,0,39.10,18.83,1225.26,2.59,998.39,95387,34.71,17.18,998.55,158.34,1,37,429,35015,1,23319,35074,39.62,16.91
2026-06-07 11:24:51,163201,113.69,0,39.07,18.99,1231.25,2.62,998.38,95605,34.85,17.33,998.53,158.44,1,35,425,35637,1,23367,35289,39.40,16.80
2026-06-07 11:24:55,166602,114.12,0,39.25,18.52,1236.25,2.65,998.36,96154,34.85,16.60,998.58,158.04,1,39,433,35360,1,23486,34956,39.49,16.53
2026-06-07 11:24:58,170005,114.41,0,39.25,18.24,1239.57,2.67,998.37,97101,34.96,16.45,998.56,158.26,1,35,424,35027,1,23549,35360,39.65,16.31
2026-06-07 11:25:02,173407,114.69,0,39.29,18.04,1242.75,2.69,998.36,97668,34.99,16.23,998.58,158.07,1,40,437,35492,1,23454,35027,39.55,16.07
2026-06-07 11:25:05,176808,114.83,0,39.12,17.90,1244.35,2.70,998.37,98820,34.71,15.70,998.54,158.43,1,26,405,36454,1,24196,36196,39.13,15.65
2026-06-07 11:25:08,180210,114.92,0,39.01,17.58,1245.37,2.71,998.37,99881,34.41,15.36,998.53,158.44,1,22,400,36122,1,24344,36640,39.21,15.34
2026-06-07 11:25:12,183612,114.84,0,39.00,17.28,1244.49,2.70,998.35,101270,34.29,15.45,998.56,158.22,1,22,400,36368,1,24526,36963,39.10,15.06
2026-06-07 11:25:15,187015,114.70,0,39.05,17.14,1242.81,2.69,998.38,102384,34.23,15.51,998.56,158.25,1,19,400,36429,1,24667,37569,39.12,15.01
2026-06-07 11:25:19,190416,114.80,0,39.04,17.14,1244.03,2.70,998.37,102572,34.08,15.61,998.61,157.83,1,37,429,36037,1,25173,36553,39.08,14.99
2026-06-07 11:25:22,193818,114.69,0,38.98,17.06,1242.76,2.69,998.35,103973,34.00,15.56,998.57,158.15,1,34,424,36405,1,24978,36726,39.06,14.89
2026-06-07 11:25:25,197220,114.76,0,38.88,16.95,1243.58,2.70,998.34,104492,33.82,15.32,998.56,158.24,1,29,412,36888,1,25054,37051,38.80,14.70
2026-06-07 11:25:29,200622,114.43,0,38.69,16.98,1239.76,2.68,998.33,106484,33.61,15.62,998.59,158.02,1,19,400,37798,1,25046,38744,38.74,14.67
2026-06-07 11:25:32,204024,114.44,0,38.87,16.97,1239.92,2.68,998.34,106417,33.63,16.04,998.56,158.21,1,37,430,37480,1,25551,37366,38.81,14.83
2026-06-07 11:25:36,207426,114.54,0,38.79,17.19,1240.97,2.68,998.32,106892,33.63,16.36,998.58,158.02,1,28,410,37076,1,25473,38158,38.62,15.09
2026-06-07 11:25:39,210828,115.16,0,38.94,17.52,1248.13,2.73,998.34,105879,33.61,15.86,998.56,158.25,1,34,423,37189,1,25396,37645,38.66,15.28
2026-06-07 11:25:42,214231,115.13,0,38.84,17.31,1247.74,2.72,998.33,107856,33.58,15.82,998.56,158.25,1,28,410,37862,1,25603,38016,38.64,15.14
2026-06-07 11:25:46,217632,115.31,0,38.98,17.04,1249.89,2.74,998.36,107995,33.69,15.62,998.59,158.00,1,30,414,37455,1,26163,38443,38.78,15.11
2026-06-07 11:25:49,221034,115.38,0,38.89,16.86,1250.66,2.74,998.32,108979,33.72,15.40,998.58,158.06,1,31,418,38352,1,26297,38430,38.79,14.88
2026-06-07 11:25:53,224436,115.40,0,38.85,16.70,1250.86,2.74,998.32,109836,33.88,15.29,998.56,158.24,1,27,407,38262,1,26457,39100,38.98,14.74
2026-06-07 11:25:56,227837,115.63,0,38.86,16.64,1253.50,2.76,998.33,110053,34.18,15.19,998.52,158.54,1,17,400,37862,1,26466,40596,38.99,14.65
2026-06-07 11:25:59,231240,115.44,0,38.71,16.81,1251.30,2.75,998.33,111518,34.37,16.09,998.53,158.45,1,34,424,37786,1,26673,39086,38.49,14.94
2026-06-07 11:26:03,234642,115.45,0,38.37,17.55,1251.46,2.75,998.32,111741,34.47,16.63,998.54,158.40,1,43,443,36888,1,26066,38339,38.65,15.40
2026-06-07 11:26:06,238044,115.89,0,37.98,18.22,1256.57,2.78,998.36,111444,34.46,16.44,998.56,158.25,1,44,444,37114,1,25943,38068,38.47,15.81
2026-06-07 11:26:10,241445,116.39,0,37.75,18.76,1262.28,2.82,998.34,111518,34.53,16.83,998.57,158.12,1,34,424,36951,1,25952,38718,38.52,16.11
2026-06-07 11:26:13,244848,116.85,0,36.66,19.98,1267.51,2.85,998.35,112265,33.95,16.62,998.54,158.38,1,37,429,37126,1,25759,38404,37.80,16.26
2026-06-07 11:26:16,248250,117.47,0,35.36,21.06,1274.61,2.90,998.34,113023,33.17,17.13,998.53,158.52,1,34,422,37965,1,26288,38652,36.87,16.29
2026-06-07 11:26:20,251652,117.95,0,34.16,22.12,1280.18,2.93,998.31,114256,32.49,17.18,998.52,158.57,1,16,400,38236,1,26991,40500,36.13,16.42
2026-06-07 11:26:23,255053,118.03,0,33.18,23.06,1281.11,2.94,998.32,115917,31.94,17.78,998.52,158.58,1,21,400,38994,1,27826,40309,35.35,16.71
2026-06-07 11:26:27,258456,119.11,0,32.81,23.59,1293.50,3.02,998.31,114805,31.63,18.56,998.49,158.81,1,16,400,39126,1,27629,41205,35.29,17.31
2026-06-07 11:26:30,261858,119.93,0,32.29,24.32,1302.85,3.09,998.29,115438,31.48,18.97,998.46,159.06,1,23,400,38994,1,27619,40610,35.01,17.85
2026-06-07 11:26:33,265260,120.66,0,31.89,25.19,1311.24,3.15,998.29,115597,31.18,20.26,998.48,158.87,1,23,400,38718,1,27713,40831,34.82,18.64
2026-06-07 11:26:37,268661,121.77,0,31.55,26.09,1324.01,3.24,998.29,114883,30.87,20.79,998.48,158.87,1,20,400,38652,1,28493,41192,34.49,19.18
2026-06-07 11:26:40,272064,123.13,0,31.15,26.62,1339.67,3.36,998.30,114413,30.41,21.12,998.51,158.64,1,17,400,39673,1,28667,41923,34.09,19.61
2026-06-07 11:26:44,275466,123.34,0,30.69,27.18,1342.10,3.37,998.29,116078,29.99,21.57,998.50,158.77,1,16,400,40309,1,29146,42437,33.65,20.00
2026-06-07 11:26:47,278867,123.07,0,30.36,27.40,1338.91,3.35,998.25,117215,29.45,21.39,998.51,158.62,1,19,400,40831,1,30272,42667,33.15,20.11
2026-06-07 11:26:50,282269,122.40,0,30.06,27.29,1331.26,3.29,998.27,118542,28.91,21.94,998.52,158.54,1,12,400,41513,1,30530,44002,32.68,20.20
2026-06-07 11:26:54,285672,121.43,0,29.61,27.50,1320.08,3.21,998.25,119986,28.58,22.21,998.55,158.33,1,17,400,42193,1,31009,44047,32.40,20.35
2026-06-07 11:26:57,289074,120.68,0,29.20,28.16,1311.53,3.15,998.25,120504,28.25,23.25,998.51,158.65,1,19,400,42754,1,32218,44662,32.09,20.95
2026-06-07 11:27:01,292475,120.65,0,28.94,28.67,1311.15,3.15,998.26,120072,28.16,24.33,998.52,158.58,1,16,400,42725,1,32668,45179,31.95,21.66
2026-06-07 11:27:04,295877,120.51,0,28.71,29.20,1309.52,3.13,998.27,120417,27.97,24.58,998.48,158.86,1,18,400,42667,1,32602,45225,31.83,22.11
2026-06-07 11:27:07,299280,119.03,0,28.42,29.25,1292.53,3.02,998.27,122801,27.89,23.38,998.52,158.57,1,23,400,43720,1,33394,44950,31.64,21.81
2026-06-07 11:27:15,306614,116.76,3,28.16,28.46,1266.40,2.84,998.30,124535,27.73,23.74,998.54,158.36,1,19,400,44226,1,34334,46293,31.42,21.76
2026-06-07 11:27:18,310018,116.36,3,27.92,29.01,1261.81,2.81,998.30,123708,27.66,24.66,998.57,158.16,1,26,405,44256,1,33655,45919,31.28,22.21
2026-06-07 11:27:22,313420,116.13,3,27.73,29.72,1259.20,2.80,998.29,123616,27.63,25.27,998.54,158.35,1,33,422,43779,1,33953,45255,31.15,22.60
2026-06-07 11:27:25,316824,115.66,3,27.51,30.15,1253.70,2.76,998.28,124166,27.48,24.73,998.52,158.55,1,18,400,44286,1,34288,47307,30.84,22.74
2026-06-07 11:27:28,320228,114.95,3,27.38,30.28,1245.60,2.71,998.31,124814,27.36,25.54,998.53,158.38,1,37,430,43927,1,34497,45470,30.89,23.06
2026-06-07 11:27:32,323632,113.64,3,27.02,30.79,1230.49,2.62,998.28,126225,26.93,25.37,998.52,158.57,1,38,432,44783,1,34626,45517,30.40,23.05
2026-06-07 11:27:35,327034,111.78,3,26.90,30.76,1209.19,2.50,998.28,127765,26.69,25.87,998.53,158.47,1,27,407,44996,1,35697,46829,30.13,23.43
2026-06-07 11:27:39,330438,110.30,3,26.57,31.61,1192.06,2.40,998.27,128156,26.17,27.15,998.54,158.43,1,26,405,45026,1,35492,47163,29.96,23.89
2026-06-07 11:27:42,333842,107.86,3,26.34,32.09,1164.04,2.25,998.27,130249,26.01,26.27,998.52,158.55,1,37,429,46059,1,36147,46325,29.79,23.86
2026-06-07 11:27:45,337246,105.32,3,26.16,31.83,1134.92,2.11,998.27,131890,25.90,25.76,998.55,158.35,1,25,403,46403,1,36429,47677,29.61,23.74
2026-06-07 11:27:49,340648,103.08,3,25.94,31.80,1109.16,1.99,998.26,133042,25.87,25.67,998.52,158.55,1,25,403,47099,1,37366,47968,29.33,23.74
2026-06-07 11:27:52,344052,100.95,3,25.76,31.73,1084.76,1.88,998.24,134322,25.79,25.82,998.51,158.63,1,29,413,47068,1,38430,47774,29.09,23.80
2026-06-07 11:27:56,347456,98.97,3,25.50,31.78,1061.97,1.79,998.23,135628,25.59,25.65,998.50,158.70,1,25,402,47532,1,38236,48820,28.80,23.60
2026-06-07 11:27:59,350860,97.03,3,25.44,31.67,1039.67,1.70,998.23,136846,25.34,25.49,998.51,158.61,1,31,416,48229,1,38849,48556,28.61,23.65
2026-06-07 11:28:02,354263,95.10,3,25.35,31.51,1017.48,1.62,998.26,138201,25.31,25.94,998.51,158.66,1,34,422,48196,1,39378,48458,28.66,23.81
2026-06-07 11:28:06,357666,92.57,3,25.07,31.69,988.46,1.51,998.25,140638,25.30,25.95,998.50,158.76,1,35,425,48952,1,39539,48540,28.43,23.67
2026-06-07 11:28:09,361070,90.66,3,24.93,31.58,966.52,1.44,998.24,141470,25.22,25.60,998.48,159.02,1,34,422,48886,1,39272,48853,28.42,23.67
2026-06-07 11:28:13,364473,88.39,3,24.76,31.64,940.43,1.36,998.28,143530,25.12,25.54,998.52,158.55,1,28,409,49619,1,40295,49838,28.34,23.57
2026-06-07 11:28:16,367877,86.86,3,24.62,31.67,922.92,1.30,998.25,144024,25.11,25.72,998.51,158.68,1,34,424,49687,1,40064,49301,28.42,23.62
2026-06-07 11:28:19,371280,85.53,3,24.51,31.65,907.59,1.26,998.27,145022,25.07,25.52,998.53,158.51,1,40,437,50024,1,40159,48853,28.41,23.55
2026-06-07 11:28:23,374683,84.21,3,24.46,31.54,892.48,1.22,998.27,146161,25.07,25.37,998.51,158.63,1,32,418,49318,1,40132,49889,28.37,23.42
2026-06-07 11:28:26,378087,83.16,3,24.34,31.58,880.46,1.18,998.26,146930,25.07,25.49,998.54,158.41,1,31,417,50143,1,41261,50143,28.37,23.46
2026-06-07 11:28:30,381491,81.98,3,24.29,31.67,866.82,1.15,998.29,148099,25.07,26.02,998.54,158.39,1,39,434,49435,1,40446,49502,28.30,23.50
2026-06-07 11:28:33,384893,80.71,3,24.25,31.82,852.34,1.11,998.27,149154,25.08,26.24,998.53,158.51,1,57,471,50177,1,40350,47822,28.32,23.79
2026-06-07 11:28:36,388297,80.44,3,24.21,32.16,849.18,1.10,998.31,148361,25.68,26.85,998.52,158.56,1,46,449,49218,1,41011,48853,28.33,24.18
2026-06-07 11:28:40,391701,81.01,3,24.04,33.29,855.66,1.12,998.33,147059,25.95,27.60,998.54,158.37,1,54,466,48853,1,39285,48049,28.14,24.93
2026-06-07 11:28:43,395104,81.54,3,23.79,34.57,861.77,1.14,998.29,146673,25.85,27.61,998.48,158.88,1,45,447,48556,1,40391,48754,28.08,25.50
2026-06-07 11:28:47,398508,82.07,3,23.60,35.44,867.79,1.15,998.31,146288,25.71,28.44,998.50,158.75,1,52,460,48853,1,39378,47984,28.04,26.03
2026-06-07 11:28:50,401911,82.49,3,23.43,36.18,872.59,1.16,998.29,146033,25.61,28.00,998.55,158.31,1,38,432,48425,1,39875,49251,28.06,26.26
2026-06-07 11:28:53,405314,82.21,3,23.33,36.55,869.44,1.16,998.31,146801,25.61,28.26,998.56,158.24,1,44,444,48408,1,40227,48638,28.13,26.56
2026-06-07 11:28:57,408718,82.91,3,23.34,36.91,877.46,1.18,998.31,145022,25.70,28.77,998.49,158.84,1,50,457,48082,1,39418,48033,28.08,27.15
2026-06-07 11:29:00,412122,83.72,3,23.29,37.63,886.69,1.20,998.29,144024,25.53,29.66,998.54,158.37,1,47,450,48163,1,39686,48327,27.97,27.55
2026-06-07 11:29:04,415524,83.57,3,23.14,37.90,884.99,1.20,998.32,145022,25.29,28.44,998.54,158.43,1,33,421,48952,1,41011,49906,27.69,27.33
2026-06-07 11:29:07,418928,84.02,3,23.08,37.90,890.11,1.21,998.31,144024,25.22,29.30,998.52,158.54,1,45,447,49603,1,40720,48754,27.68,27.68
2026-06-07 11:29:10,422332,83.54,3,22.93,38.27,884.56,1.20,998.32,145147,25.04,29.10,998.57,158.10,1,40,436,49536,1,41108,49402,27.40,27.69
2026-06-07 11:29:14,425735,82.18,3,22.81,38.01,869.05,1.15,998.31,146930,24.77,28.31,998.59,157.96,1,35,426,50449,1,41584,49923,27.22,27.42
2026-06-07 11:29:17,429138,81.03,3,22.68,37.67,855.77,1.12,998.33,147577,24.63,29.11,998.57,158.15,1,33,421,49923,1,42122,50552,26.94,27.60
2026-06-07 11:29:21,432542,80.36,3,22.53,37.93,848.14,1.10,998.32,147447,24.46,28.64,998.57,158.18,1,34,422,51276,1,42696,50792,26.60,27.38
2026-06-07 11:29:24,435945,78.10,3,22.36,37.77,822.19,1.04,998.32,150765,24.17,28.11,998.58,158.09,1,33,420,51729,1,43366,51154,26.08,27.24
2026-06-07 11:29:27,439349,76.11,3,22.28,37.38,799.31,0.99,998.33,151859,23.91,28.39,998.53,158.48,1,36,427,52647,1,44406,51397,25.90,27.36
2026-06-07 11:29:31,442752,73.97,3,22.15,37.30,774.77,0.93,998.33,153529,23.56,28.97,998.51,158.65,1,35,425,51781,1,44391,51729,25.65,27.43
2026-06-07 11:29:34,446155,70.94,3,21.90,37.48,740.06,0.86,998.31,156689,23.19,28.94,998.53,158.44,1,37,429,53764,1,45424,51729,25.14,27.40
2026-06-07 11:29:38,449559,68.00,3,21.69,37.45,706.37,0.80,998.29,158768,22.94,29.00,998.47,158.99,1,30,413,54110,1,47020,52969,24.68,27.56
2026-06-07 11:29:41,452962,65.24,3,21.56,37.35,674.70,0.74,998.31,160594,22.55,29.29,998.50,158.71,1,35,426,54404,1,48114,52558,24.44,27.70
2026-06-07 11:29:44,456366,62.97,3,21.38,37.40,659.48,0.70,998.28,161836,22.20,29.51,998.48,158.88,1,31,417,55183,1,47952,53184,24.22,27.84
2026-06-07 11:29:48,459768,59.69,3,21.15,37.44,644.42,0.64,998.27,165678,22.03,29.14,998.50,158.77,1,29,411,55784,1,49368,53873,23.69,27.67
2026-06-07 11:29:51,463172,58.24,3,21.03,37.28,637.78,0.62,998.29,164862,21.84,30.01,998.49,158.79,1,39,434,56182,1,50177,53618,23.54,28.05
2026-06-07 11:29:55,466576,55.85,3,20.90,37.36,626.83,0.58,998.32,168004,21.74,29.94,998.51,158.68,1,31,416,56851,1,50569,54774,23.28,28.18
2026-06-07 11:29:58,469979,53.79,3,20.82,37.31,617.38,0.55,998.30,169363,21.74,30.30,998.51,158.67,1,30,415,57276,1,50999,54997,23.22,28.64
2026-06-07 11:30:01,473382,53.06,3,20.75,37.51,614.03,0.54,998.33,168511,21.69,30.60,998.53,158.47,1,36,427,56679,1,51189,54681,23.12,29.03
2026-06-07 11:30:05,476785,52.39,3,20.70,37.69,610.93,0.53,998.30,169192,21.57,30.86,998.51,158.62,1,30,414,57880,1,52381,55426,23.17,29.29
2026-06-07 11:30:08,480189,51.84,3,20.68,37.70,608.41,0.52,998.32,169706,21.61,30.81,998.53,158.51,1,42,440,57063,1,51764,54184,23.21,29.48
2026-06-07 11:30:12,483593,50.94,3,20.60,37.82,604.30,0.51,998.34,171093,21.61,30.92,998.53,158.36,1,44,444,57646,1,53220,54074,23.23,29.57
2026-06-07 11:30:18,490399,50.05,2,20.54,37.99,600.23,0.50,998.34,171093,21.65,31.55,998.50,158.75,1,47,452,56948,1,52434,53873,23.38,30.06
2026-06-07 11:30:22,493803,50.47,2,20.53,38.14,602.17,0.51,998.34,170570,21.58,32.02,998.52,158.56,1,47,450,57920,1,52434,54019,23.36,30.33
2026-06-07 11:30:25,497206,50.78,2,20.55,38.39,603.59,0.51,998.35,170570,21.64,32.70,998.51,158.64,1,44,445,57451,1,52204,54367,23.52,30.74
2026-06-07 11:30:29,500610,52.17,2,20.54,38.85,609.95,0.53,998.35,168342,21.74,33.51,998.48,158.88,1,52,461,56736,1,51676,53491,23.60,31.29
2026-06-07 11:30:32,504012,53.56,2,20.54,39.42,616.32,0.55,998.35,167333,21.75,32.45,998.54,158.38,1,55,468,57063,1,51362,53095,23.59,31.14
2026-06-07 11:30:35,507415,53.94,2,20.57,39.45,618.06,0.55,998.36,168342,21.84,32.26,998.51,158.66,1,64,485,56277,1,50792,52133,23.72,31.13
2026-06-07 11:30:39,510819,55.02,2,20.59,39.41,623.01,0.57,998.36,166833,21.92,31.85,998.51,158.62,1,62,480,55935,1,50861,52416,23.80,31.03
2026-06-07 11:30:42,514222,55.87,2,20.58,39.39,626.91,0.58,998.39,166667,22.01,31.95,998.52,158.55,2,65,487,55709,1,50895,52133,23.88,30.98
2026-06-07 11:30:46,517625,55.74,2,20.59,39.32,626.31,0.58,998.41,168004,22.10,31.91,998.52,158.56,2,65,487,55127,1,49855,52168,23.96,30.94
2026-06-07 11:30:49,521028,55.38,2,20.60,39.28,624.68,0.58,998.40,168511,22.18,31.69,998.53,158.52,2,74,503,56640,1,49019,51414,24.01,30.75
2026-06-07 11:30:52,524432,55.39,2,20.58,39.49,624.73,0.58,998.41,168004,22.28,31.87,998.52,158.58,2,66,488,56794,1,49068,52168,24.13,30.81
2026-06-07 11:30:56,527835,54.27,2,20.50,39.57,619.60,0.56,998.43,170224,22.34,30.84,998.53,158.48,2,74,504,55633,1,49052,51362,24.16,30.42
2026-06-07 11:30:59,531238,53.01,2,20.43,39.32,613.80,0.54,998.43,171443,22.40,30.45,998.49,158.79,2,66,489,56468,1,48507,52168,24.35,30.04
2026-06-07 11:31:03,534641,52.43,2,20.45,39.01,611.14,0.53,998.42,171093,22.43,30.48,998.52,158.54,2,72,500,55389,1,49151,51711,24.46,30.02
2026-06-07 11:31:06,538045,52.20,2,20.51,39.04,610.07,0.53,998.43,170744,22.50,30.89,998.49,158.78,2,79,513,54829,1,49052,51137,24.59,29.83
2026-06-07 11:31:09,541448,52.57,2,20.54,39.49,611.80,0.53,998.40,169534,22.57,31.23,998.49,158.79,2,85,523,53528,1,47693,50620,24.78,29.99
2026-06-07 11:31:13,544851,51.63,2,20.54,39.48,607.46,0.52,998.40,171795,22.64,30.42,998.46,159.09,2,84,521,54959,1,47628,50586,24.88,29.70
2026-06-07 11:31:16,548254,49.87,2,20.50,39.24,599.40,0.50,998.40,174479,22.64,30.07,998.48,158.88,2,74,504,53782,1,46956,51414,24.99,29.36
2026-06-07 11:31:20,551657,48.33,2,20.44,39.25,592.34,0.48,998.41,175393,22.43,30.46,998.50,158.71,2,81,517,54441,1,47036,50878,24.88,29.08
2026-06-07 11:31:23,555061,47.10,2,20.42,39.31,586.63,0.46,998.40,175945,22.27,30.79,998.53,158.50,2,90,532,54220,1,46909,50160,24.98,29.12
2026-06-07 11:31:26,558464,44.91,2,20.39,39.43,576.53,0.44,998.41,178762,22.00,30.80,998.47,159.01,2,87,528,54941,1,47500,50364,24.89,28.83
2026-06-07 11:31:30,561866,42.30,2,20.34,39.34,564.48,0.41,998.42,181277,21.86,30.53,998.50,158.73,2,73,502,54941,1,48163,51624,24.57,28.61
2026-06-07 11:31:33,565270,40.93,2,20.27,39.18,558.09,0.39,998.42,180886,21.69,30.55,998.53,158.64,1,55,467,55370,1,48820,53491,24.29,28.41
2026-06-07 11:31:37,568673,39.85,2,20.24,39.22,553.02,0.38,998.40,181473,21.56,31.83,998.53,158.47,2,69,494,56583,1,49102,52186,24.01,28.89
2026-06-07 11:31:40,572076,39.08,2,20.20,39.56,549.42,0.38,998.41,181670,21.38,32.78,998.51,158.65,1,57,471,56411,1,49019,53401,23.81,29.26
2026-06-07 11:31:43,575479,38.03,2,20.17,39.83,544.49,0.37,998.43,182860,21.21,32.32,998.48,158.87,1,58,472,57218,1,50024,53293,23.69,29.34
2026-06-07 11:31:47,578882,37.32,2,20.15,39.84,541.11,0.36,998.42,183060,21.05,33.19,998.52,158.53,1,57,471,57296,1,51085,53347,23.56,29.73
2026-06-07 11:31:50,582285,37.07,2,20.14,40.06,539.89,0.36,998.39,182661,20.92,34.05,998.51,158.65,1,54,465,58234,1,51694,53709,23.42,30.13
2026-06-07 11:31:54,585689,36.50,2,20.12,40.45,537.17,0.35,998.42,183461,20.83,34.64,998.52,158.59,1,49,454,58155,1,52629,54276,23.20,30.78
2026-06-07 11:31:57,589091,37.61,2,20.11,40.89,542.26,0.36,998.40,180301,20.76,34.91,998.55,158.29,1,46,450,57490,1,52540,54478,23.10,31.25
2026-06-07 11:32:01,592494,38.47,2,20.13,41.29,546.18,0.37,998.40,179914,20.75,35.58,998.51,158.63,1,45,447,58650,1,52540,54533,23.20,31.83
2026-06-07 11:32:04,595897,38.23,2,20.11,41.53,545.01,0.37,998.42,181473,20.72,34.38,998.51,158.69,1,44,445,59008,1,53274,54626,23.18,31.49
2026-06-07 11:32:07,599301,37.70,2,20.11,41.03,542.43,0.36,998.40,182462,20.64,33.69,998.52,158.59,1,42,441,58590,1,54147,54867,23.05,31.39
2026-06-07 11:32:11,602703,36.97,2,20.13,40.52,538.98,0.35,998.41,183461,20.63,33.97,998.51,158.61,1,57,471,59995,1,54904,53419,22.93,31.41
2026-06-07 11:32:14,606106,36.62,2,20.17,40.33,537.26,0.35,998.43,183260,20.64,34.37,998.52,158.59,1,47,451,58968,1,53818,54626,23.01,31.57
2026-06-07 11:32:18,609510,36.02,2,20.20,40.34,534.33,0.34,998.42,184066,20.65,35.07,998.57,158.18,1,45,446,59348,1,53473,54941,23.00,31.92
2026-06-07 11:32:21,612913,36.03,2,20.25,40.58,534.32,0.34,998.44,183060,20.66,36.15,998.55,158.31,1,59,475,58669,1,54367,53473,23.08,32.49
2026-06-07 11:32:24,616315,36.42,2,20.26,41.07,536.06,0.35,998.44,182065,20.69,36.98,998.58,158.07,2,67,490,57939,1,53636,52629,23.13,33.00
2026-06-07 11:32:28,619719,37.52,2,20.33,41.65,541.16,0.36,998.47,179914,20.81,37.86,998.55,158.31,2,65,488,57276,1,52523,52665,23.28,33.58
2026-06-07 11:32:31,623122,39.03,2,20.37,42.43,548.22,0.37,998.46,177813,20.93,38.22,998.54,158.43,2,68,493,57218,1,52451,52239,23.38,33.90
2026-06-07 11:32:35,626525,40.66,2,20.39,42.93,555.86,0.39,998.46,176130,21.06,37.64,998.58,158.10,2,72,500,56449,1,52186,51711,23.50,34.25
2026-06-07 11:32:38,629928,42.15,2,20.39,43.20,562.85,0.41,998.49,175026,21.12,37.66,998.59,157.97,2,77,509,57063,1,51449,51154,23.52,34.35
2026-06-07 11:32:41,633331,42.95,2,20.26,43.36,566.60,0.41,998.48,175393,21.10,35.56,998.55,158.34,1,61,479,57354,1,51746,52629,23.25,33.71
2026-06-07 11:32:45,636734,42.27,2,20.24,42.70,563.35,0.41,998.52,178002,21.07,34.83,998.60,157.92,1,64,485,56602,1,51922,52363,23.23,33.37
2026-06-07 11:32:48,640138,40.56,2,20.03,42.70,555.18,0.39,998.53,180886,21.01,34.96,998.55,158.34,1,64,484,57607,1,52045,52594,23.09,33.18
2026-06-07 11:32:52,643540,40.29,2,19.84,42.85,553.85,0.38,998.43,179336,20.99,35.15,998.58,158.04,1,53,463,58650,1,52363,53800,23.16,33.27
2026-06-07 11:32:55,646943,39.93,2,19.83,42.94,552.06,0.38,998.44,179721,20.96,36.61,998.59,158.01,1,59,475,56659,1,51519,53293,23.24,33.83
2026-06-07 11:32:58,650347,39.70,2,19.80,43.43,550.89,0.38,998.42,179528,20.88,37.05,998.59,158.00,1,61,480,57044,1,51781,53059,23.10,33.93
2026-06-07 11:33:02,653750,39.24,2,19.83,43.65,548.65,0.37,998.47,179914,20.87,36.53,998.61,157.84,1,61,478,58136,1,51554,53059,23.12,33.97
2026-06-07 11:33:05,657153,38.32,2,20.01,43.27,544.21,0.36,998.51,180886,21.05,35.74,998.61,157.83,1,52,462,58709,1,52808,53855,23.28,33.78
2026-06-07 11:33:09,660556,38.66,2,20.09,42.97,545.78,0.37,998.54,178762,21.05,36.25,998.58,158.10,2,80,514,58491,1,51834,51223,23.34,34.12
2026-06-07 11:33:12,663959,39.14,2,20.11,43.32,548.00,0.37,998.53,178002,21.10,36.83,998.60,157.85,2,68,492,56851,1,51414,52327,23.47,34.27
2026-06-07 11:33:15,667362,39.38,2,20.23,43.30,549.10,0.37,998.54,177813,21.19,36.31,998.60,157.85,2,68,492,56468,1,51764,52274,23.57,34.12
2026-06-07 11:33:19,670766,39.14,2,20.33,42.78,547.87,0.37,998.55,178571,21.25,35.84,998.59,157.96,2,65,487,57121,1,51624,52469,23.64,33.87
2026-06-07 11:33:22,674168,37.76,2,20.35,42.54,541.15,0.36,998.55,181081,21.27,35.47,998.56,158.22,1,63,483,57083,1,52027,52754,23.69,33.45
2026-06-07 11:33:26,677571,36.91,2,20.23,42.54,537.03,0.35,998.53,181081,21.29,35.87,998.56,158.20,2,74,503,56832,1,51554,51764,23.75,33.61
2026-06-07 11:33:29,680975,36.67,2,20.25,42.63,535.76,0.35,998.55,180301,21.38,35.91,998.58,158.05,2,71,498,55973,1,50809,52115,23.86,33.57
2026-06-07 11:33:32,684378,36.24,2,20.35,42.52,533.63,0.34,998.55,180690,21.43,35.94,998.53,158.52,2,70,496,56201,1,50330,52204,23.97,33.38
2026-06-07 11:33:36,687780,36.23,2,20.42,42.58,533.49,0.34,998.54,179914,21.45,35.21,998.53,158.44,2,80,515,57743,1,50586,51223,24.00,33.17
2026-06-07 11:33:39,691184,35.93,2,20.46,42.77,531.96,0.34,998.52,180301,21.41,35.45,998.52,158.61,2,85,523,55351,1,49402,50740,24.00,33.22
2026-06-07 11:33:43,694587,35.88,2,20.53,42.49,531.63,0.34,998.52,179914,21.26,34.88,998.53,158.49,2,77,509,56564,1,50228,51397,23.95,32.96
2026-06-07 11:33:46,697990,35.44,2,20.58,42.29,529.44,0.34,998.51,180690,21.14,33.85,998.59,157.96,2,75,506,57841,1,50569,51554,23.97,32.41
2026-06-07 11:33:49,701392,33.79,2,20.82,41.36,521.34,0.32,998.43,183461,20.98,32.81,998.54,158.41,2,75,505,57315,1,50569,51589,23.99,31.60
2026-06-07 11:33:53,704795,31.96,2,20.73,40.53,512.36,0.30,998.49,185588,20.85,32.91,998.54,158.37,2,75,506,57704,1,51449,51624,23.83,31.08
2026-06-07 11:33:56,708198,30.17,2,20.73,39.85,503.55,0.29,998.52,187277,20.82,33.15,998.54,158.41,1,61,479,57354,1,51816,53274,23.89,30.82
2026-06-07 11:34:00,711601,28.39,2,20.77,39.43,494.76,0.28,998.48,188888,20.87,33.20,998.55,158.33,2,68,492,57276,1,50689,52754,23.95,30.57
2026-06-07 11:34:03,715004,26.70,2,20.73,39.29,486.40,0.26,998.49,190417,20.79,32.79,998.52,158.54,2,70,496,59529,1,51851,52647,23.77,30.16
2026-06-07 11:34:06,718407,24.71,2,20.64,38.99,476.53,0.25,998.47,192983,20.69,32.38,998.50,158.71,1,59,475,59008,1,52772,53800,23.40,29.76
2026-06-07 11:34:10,721810,22.56,2,20.57,38.68,465.91,0.23,998.49,195503,20.61,32.40,998.56,158.23,1,55,467,59610,1,53238,54349,23.15,29.73
2026-06-07 11:34:13,725213,20.95,2,20.55,38.55,457.88,0.22,998.47,196436,20.51,33.27,998.53,158.49,2,67,490,59610,1,53800,53293,22.97,29.89
2026-06-07 11:34:17,728615,19.63,2,20.51,38.65,451.20,0.22,998.48,197496,20.43,33.51,998.59,158.01,2,65,486,60669,1,54459,53546,22.91,30.10
2026-06-07 11:34:20,732018,19.07,2,20.48,38.84,448.28,0.21,998.49,197142,20.35,33.78,998.54,158.42,1,52,461,60259,1,54294,54867,22.82,30.28
2026-06-07 11:34:23,735421,18.23,2,20.48,38.81,444.02,0.21,998.51,198688,20.25,34.01,998.59,158.00,1,60,478,60300,1,54941,53964,22.79,30.55
2026-06-07 11:34:27,738824,18.59,2,20.52,38.81,445.56,0.21,998.52,196906,20.24,34.86,998.58,158.07,1,58,472,59832,1,55108,54276,22.93,30.82
2026-06-07 11:34:30,742226,18.43,2,20.52,38.93,444.60,0.21,998.55,198209,20.24,34.23,998.54,158.35,1,61,478,60669,1,54885,53964,22.93,30.80
2026-06-07 11:34:34,745629,18.34,2,20.50,38.97,443.99,0.21,998.53,198568,20.28,34.69,998.56,158.20,1,61,479,60117,1,54811,53891,22.92,31.05
2026-06-07 11:34:37,749032,18.35,2,20.46,39.10,443.87,0.21,998.52,198808,20.22,34.34,998.59,157.99,1,48,453,60423,1,55034,55295,22.82,31.00
2026-06-07 11:34:40,752435,18.58,2,20.47,39.24,444.83,0.21,998.52,198568,20.24,35.61,998.59,157.96,1,51,460,60710,1,55426,54941,22.88,31.64
2026-06-07 11:34:44,755837,19.09,2,20.50,39.75,447.17,0.21,998.56,197733,20.31,35.92,998.56,158.25,1,61,479,59934,1,55090,53891,22.92,31.84
2026-06-07 11:34:47,759240,19.82,2,20.53,39.99,450.59,0.21,998.52,196906,20.30,35.52,998.57,158.16,1,53,464,59731,1,54165,54570,22.91,31.99
2026-06-07 11:34:51,762643,19.23,2,20.54,39.77,447.48,0.21,998.51,199772,20.23,33.77,998.55,158.32,1,60,477,61725,1,55539,53836,22.84,31.41
2026-06-07 11:34:54,766046,18.68,2,20.56,39.17,444.57,0.21,998.51,200624,20.22,33.97,998.54,158.35,1,58,472,60998,1,56068,54129,22.90,31.31
2026-06-07 11:34:57,769449,18.05,2,20.57,38.76,441.27,0.20,998.55,201730,20.22,33.48,998.53,158.44,1,61,479,59893,1,55164,53928,23.00,30.94
2026-06-07 11:35:01,772852,17.38,2,20.56,38.43,437.77,0.20,998.54,202848,20.17,33.54,998.58,158.03,1,63,483,60341,1,55633,53818,22.96,30.84
2026-06-07 11:35:04,776255,16.72,2,20.56,38.23,434.30,0.20,998.53,203853,20.13,33.53,998.60,157.86,1,54,465,61371,1,55464,54848,22.97,30.66
2026-06-07 11:35:08,779658,15.92,2,20.92,37.43,430.11,0.19,998.50,204740,20.42,32.91,998.58,158.07,1,60,476,63012,1,55841,54331,23.29,30.29
2026-06-07 11:35:11,783060,15.54,2,21.02,37.01,428.01,0.19,998.54,204740,20.56,32.77,998.59,157.98,1,62,481,60771,1,54589,54092,23.39,30.18
2026-06-07 11:35:14,786463,15.02,2,21.01,36.85,425.23,0.19,998.51,205892,20.61,32.75,998.60,157.86,2,76,508,60545,1,54867,52790,23.34,29.91
2026-06-07 11:35:18,789866,14.72,2,21.06,36.77,423.51,0.18,998.53,206150,20.63,33.68,998.58,158.05,2,73,502,60874,1,54220,53148,23.46,30.16
2026-06-07 11:35:21,793269,15.68,2,21.10,37.02,428.09,0.19,998.55,203475,20.68,34.43,998.56,158.20,2,84,521,58195,1,53600,52133,23.59,30.45
2026-06-07 11:35:25,796672,17.92,2,21.16,37.65,439.14,0.20,998.55,199530,20.75,36.35,998.56,158.22,2,88,529,58630,1,53220,51659,23.68,31.24
2026-06-07 11:35:28,800074,20.58,2,21.21,38.61,452.32,0.22,998.58,196436,20.81,37.07,998.58,158.08,2,80,514,58175,1,50826,52186,23.81,31.92
2026-06-07 11:35:31,803477,22.43,2,21.16,39.51,461.45,0.23,998.58,196085,20.86,36.38,998.57,158.11,2,77,509,57412,1,52080,52168,23.77,31.82
2026-06-07 11:35:35,806880,23.52,2,21.05,39.65,466.75,0.23,998.59,196671,20.87,34.92,998.60,157.88,2,78,511,58274,1,51362,51869,23.74,31.67
2026-06-07 11:35:38,810283,23.93,2,20.96,39.75,468.67,0.24,998.59,197615,20.87,35.25,998.59,157.96,2,80,514,57920,1,51694,51764,23.78,31.65
2026-06-07 11:35:42,813685,24.04,2,20.85,39.92,469.10,0.24,998.56,198209,20.88,34.80,998.58,158.08,2,80,515,58968,1,51886,51729,23.88,31.58
2026-06-07 11:35:45,817088,23.33,2,20.78,39.86,465.33,0.23,998.59,200380,20.91,34.48,998.58,158.08,2,74,504,57199,1,51449,52310,23.96,31.34
2026-06-07 11:35:48,820491,23.25,2,20.75,39.66,464.77,0.23,998.59,199651,20.94,34.17,998.58,158.07,2,81,517,58274,1,51310,51676,24.06,31.08
2026-06-07 11:35:52,823894,23.21,2,20.81,39.55,464.43,0.23,998.59,199651,21.02,35.41,998.57,158.19,2,79,513,57373,1,50792,51922,24.13,31.37
2026-06-07 11:35:55,827296,23.90,2,20.84,40.00,467.75,0.24,998.57,197733,21.07,35.87,998.61,157.79,2,87,527,56679,1,49838,51223,24.17,31.73
2026-06-07 11:35:59,830700,24.44,2,20.87,40.31,470.34,0.24,998.58,197378,21.09,35.27,998.57,158.12,2,89,531,56125,1,49653,50878,24.18,31.62
2026-06-07 11:36:02,834103,25.06,2,20.89,40.36,473.38,0.24,998.56,196671,21.13,35.46,998.55,158.30,2,85,524,57257,1,49855,51120,24.10,31.67
2026-06-07 11:36:05,837506,25.10,2,20.92,40.42,473.43,0.24,998.56,197496,21.01,35.28,998.57,158.13,2,81,517,56813,1,50109,51449,23.90,31.63
2026-06-07 11:36:09,840908,25.26,2,20.92,40.64,474.07,0.24,998.53,197024,20.95,36.32,998.52,158.52,2,68,492,56602,1,49805,52665,23.94,32.08
2026-06-07 11:36:12,844311,25.94,2,20.91,41.04,477.43,0.25,998.53,195387,20.97,36.42,998.55,158.29,2,86,525,57354,1,50024,50964,23.98,32.23
2026-06-07 11:36:16,847714,25.44,2,20.82,41.24,474.72,0.25,998.54,197733,20.84,35.61,998.55,158.30,2,66,489,57276,1,50964,52629,23.62,32.00
2026-06-07 11:36:19,851117,24.88,2,20.74,41.05,471.73,0.24,998.57,198448,20.75,34.71,998.55,158.31,2,68,493,58610,1,50620,52451,23.47,31.55
2026-06-07 11:36:22,854519,23.99,2,20.71,40.57,467.02,0.24,998.54,200015,20.63,34.57,998.58,158.03,2,70,496,57568,1,53455,52398,23.32,31.56
2026-06-07 11:36:26,857922,23.01,2,20.69,40.21,461.84,0.23,998.56,201237,20.60,34.88,998.56,158.20,2,70,496,58650,1,52115,52487,23.27,31.66
2026-06-07 11:36:29,861325,22.28,2,20.69,40.04,457.96,0.22,998.55,201607,20.52,34.59,998.58,158.04,2,69,494,59068,1,52612,52701,23.26,31.45
2026-06-07 11:36:33,864728,21.50,2,20.69,39.80,453.81,0.22,998.54,202599,20.54,34.39,998.60,157.92,1,64,485,58195,1,52826,53202,23.30,31.40
2026-06-07 11:36:36,868130,20.84,2,20.72,39.48,450.23,0.21,998.55,203224,20.59,34.36,998.60,157.89,2,72,500,58729,1,53112,52487,23.34,31.30
2026-06-07 11:36:39,871533,20.40,2,20.73,39.29,447.84,0.21,998.55,203475,20.69,34.28,998.61,157.80,2,65,486,58968,1,52204,53274,23.42,31.25
2026-06-07 11:36:43,874936,20.36,2,20.67,39.30,447.45,0.21,998.55,203224,20.61,33.78,998.59,157.99,2,78,510,59489,1,52897,52062,23.32,30.98
2026-06-07 11:36:46,878340,19.80,2,20.68,39.21,444.37,0.21,998.54,204867,20.68,33.59,998.61,157.85,2,76,507,58293,1,52133,52257,23.36,30.88
2026-06-07 11:36:50,881742,19.63,2,20.70,39.08,443.33,0.21,998.57,204613,20.78,33.67,998.60,157.90,2,81,516,57939,1,52115,51816,23.38,30.95
2026-06-07 11:36:53,885145,20.11,2,20.67,39.53,445.63,0.21,998.53,203224,20.93,35.05,998.55,158.30,2,69,495,58333,1,51886,52897,23.42,31.49
2026-06-07 11:36:56,888548,21.08,2,20.69,40.04,450.51,0.21,998.53,201483,21.06,35.44,998.56,158.39,2,85,523,57978,1,52115,51397,23.44,31.91
2026-06-07 11:37:00,891951,22.28,2,20.72,40.44,456.54,0.22,998.51,200015,21.20,35.26,998.52,158.55,2,70,495,57626,1,52045,52629,23.49,32.12
2026-06-07 11:37:03,895353,23.63,2,20.73,40.74,463.36,0.23,998.53,198568,21.25,35.59,998.56,158.25,2,67,490,58610,1,51536,52772,23.54,32.44
2026-06-07 11:37:07,898756,24.39,2,20.75,41.01,467.13,0.24,998.50,198808,21.22,36.12,998.54,158.40,2,70,496,57959,1,51851,52398,23.55,32.92
2026-06-07 11:37:10,902159,25.64,2,20.75,41.58,473.48,0.24,998.52,196671,21.31,36.98,998.59,158.01,2,72,500,56832,1,51554,52115,23.60,33.38
2026-06-07 11:37:13,905562,27.63,2,20.92,42.21,483.69,0.26,998.41,193096,21.63,37.50,998.56,158.22,2,75,504,56163,1,50483,51781,23.75,34.05
2026-06-07 11:37:17,908965,28.67,2,20.95,42.65,488.99,0.27,998.49,193323,21.64,37.75,998.59,157.98,2,70,497,56602,1,50500,51922,23.76,34.42
2026-06-07 11:37:20,912368,29.30,2,20.97,42.82,492.15,0.27,998.53,193096,21.64,36.09,998.56,158.26,2,73,502,56049,1,50861,51554,23.75,33.94
2026-06-07 11:37:24,915771,29.62,2,21.07,42.35,493.71,0.27,998.41,193096,21.65,34.47,998.56,158.26,2,69,495,57665,1,50895,51851,23.61,33.28
2026-06-07 11:37:27,919174,29.57,2,21.28,41.14,493.34,0.27,998.49,193664,21.64,34.92,998.53,158.51,2,77,509,56030,1,49990,51189,23.53,33.27
2026-06-07 11:37:30,922576,29.83,2,21.35,40.75,494.56,0.28,998.51,192870,21.67,35.90,998.58,158.06,2,79,512,55034,1,50466,51189,23.70,33.54
2026-06-07 11:37:34,925980,30.95,2,21.35,41.15,500.30,0.28,998.53,190307,21.66,37.07,998.54,158.37,2,77,509,54922,1,49135,51397,23.72,34.05
2026-06-07 11:37:37,929383,31.87,2,21.39,41.74,505.00,0.29,998.51,189431,21.69,37.24,998.54,158.37,2,82,519,55633,1,48671,50809,23.90,34.39
2026-06-07 11:37:41,932786,33.31,2,21.41,42.38,512.45,0.30,998.52,186958,21.74,37.58,998.55,158.27,2,98,546,54496,1,48229,49335,24.05,34.63
2026-06-07 11:37:44,936188,34.65,2,21.42,42.84,519.41,0.32,998.50,185588,21.78,37.57,998.54,158.38,2,79,513,54792,1,47838,50740,24.17,34.69
2026-06-07 11:37:47,939592,35.62,2,21.43,42.97,524.43,0.33,998.50,185083,21.81,37.46,998.54,158.41,2,84,522,54941,1,47758,50177,24.23,34.84
2026-06-07 11:37:51,942995,36.11,2,21.49,42.93,526.91,0.33,998.49,185083,21.87,37.34,998.55,158.35,2,81,517,54496,1,47564,50381,24.34,34.91
2026-06-07 11:37:54,946398,36.10,2,21.62,42.99,526.77,0.33,998.47,185288,21.96,37.56,998.55,158.29,2,88,529,53059,1,47500,49771,24.38,34.92
2026-06-07 11:37:58,949800,35.54,2,22.20,41.54,523.73,0.32,998.48,185698,22.43,35.37,998.58,158.10,2,86,526,55954,1,47355,49821,24.51,34.33
2026-06-07 11:38:01,953203,35.14,2,22.15,41.18,521.55,0.32,998.54,185698,22.43,35.25,998.58,158.05,2,88,530,53329,1,47099,49653,24.68,34.28
2026-06-07 11:38:04,956607,35.04,2,22.13,41.29,520.91,0.32,998.55,185083,22.49,36.24,998.57,158.11,2,72,499,53220,1,47855,51223,24.76,34.46
2026-06-07 11:38:08,960010,34.54,2,22.32,41.62,518.19,0.31,998.52,185288,22.70,37.36,998.56,158.22,2,84,522,52204,1,46435,50075,25.02,34.98
2026-06-07 11:38:11,963412,35.69,2,22.24,42.49,524.22,0.33,998.57,181277,22.61,37.34,998.56,158.22,2,90,532,53365,1,46639,49402,25.08,34.93
2026-06-07 11:38:15,966815,36.87,2,22.42,42.38,530.39,0.34,998.53,179721,22.74,35.90,998.60,157.88,2,87,527,53455,1,46671,49519,25.30,34.57
2026-06-07 11:38:18,970218,36.09,2,22.55,41.74,526.18,0.33,998.54,183060,22.82,34.63,998.57,158.13,2,82,518,53654,1,46513,49838,25.44,33.62
2026-06-07 11:38:21,973622,34.88,2,22.60,40.87,519.64,0.32,998.55,184675,22.77,34.19,998.55,158.18,2,84,522,54294,1,46059,49703,25.40,33.23
2026-06-07 11:38:25,977025,33.51,2,22.66,40.35,512.25,0.30,998.54,185905,22.71,35.04,998.55,158.31,2,81,517,53800,1,47227,50109,25.47,33.22
2026-06-07 11:38:28,980427,32.42,2,22.66,40.44,506.37,0.29,998.56,186111,22.65,35.53,998.57,158.17,2,80,515,53818,1,46909,50262,25.46,33.16
2026-06-07 11:38:32,983831,31.85,2,22.67,40.60,503.22,0.29,998.55,185493,22.62,35.88,998.56,158.24,2,83,520,53582,1,46262,49990,25.57,33.19
2026-06-07 11:38:35,987234,31.48,2,22.71,40.92,501.17,0.29,998.57,185083,22.61,36.44,998.57,158.11,2,89,531,53636,1,46450,49435,25.64,33.34
2026-06-07 11:38:38,990637,31.36,2,22.77,41.02,500.39,0.28,998.57,184471,22.64,35.46,998.58,158.06,2,68,492,52790,1,46624,51189,25.70,33.00
2026-06-07 11:38:42,994040,31.22,2,22.84,40.67,499.55,0.28,998.59,184471,22.68,34.92,998.57,158.12,2,85,523,52861,1,46972,49619,25.78,32.70
2026-06-07 11:38:45,997443,30.66,2,22.89,40.39,496.43,0.28,998.54,185493,22.71,34.85,998.61,157.81,2,91,533,53365,1,45779,49168,25.80,32.49
2026-06-07 11:38:49,1000846,30.50,2,22.86,40.16,495.45,0.28,998.57,185067,22.75,34.31,998.60,157.92,2,93,538,54165,1,45997,48985,25.95,31.96
2026-06-07 11:38:52,1004249,29.76,2,22.81,39.73,491.40,0.27,998.61,186852,22.75,33.78,998.59,157.95,2,84,522,53709,1,47068,49788,26.02,31.47
2026-06-07 11:38:55,1007651,29.01,2,22.72,39.34,487.22,0.26,998.59,187918,22.77,33.00,998.66,157.65,2,71,498,54404,1,46940,51033,26.10,30.85
2026-06-07 11:38:59,1011054,27.75,2,22.58,39.27,480.34,0.25,998.59,190197,22.75,33.29,998.62,157.72,2,87,527,54019,1,47131,49771,26.15,30.76
2026-06-07 11:39:02,1014457,26.62,2,22.49,39.44,474.10,0.24,998.59,191190,22.72,33.47,998.62,157.74,2,87,527,54165,1,46956,49855,26.14,30.57
2026-06-07 11:39:06,1017860,26.06,2,22.40,39.65,470.96,0.24,998.59,190969,22.69,34.10,998.61,157.80,2,73,502,54941,1,46956,51033,26.10,30.60
2026-06-07 11:39:09,1021262,25.19,2,22.36,39.76,466.14,0.23,998.60,192419,22.70,34.12,998.65,157.49,2,82,517,53782,1,47243,50296,26.08,30.60
2026-06-07 11:39:12,1024666,24.07,2,22.35,39.72,459.95,0.23,998.59,194006,22.72,33.35,998.65,157.50,2,81,516,54312,1,47195,50364,26.09,30.28
2026-06-07 11:39:16,1028069,22.89,2,22.35,39.28,453.41,0.22,998.60,195503,22.75,32.00,998.65,157.48,2,76,508,54459,1,48033,50740,25.80,29.65
2026-06-07 11:39:19,1031472,22.79,2,22.35,38.78,452.74,0.22,998.58,194235,22.83,31.70,998.65,157.51,2,73,502,54092,1,47984,51102,25.97,29.40
2026-06-07 11:39:23,1034874,21.55,2,22.46,38.23,445.84,0.21,998.58,197615,22.93,31.67,998.65,157.48,2,81,517,55709,1,47243,50500,26.19,29.20
2026-06-07 11:39:26,1038277,20.64,2,22.65,37.77,440.72,0.20,998.58,197971,23.10,31.52,998.65,157.48,2,87,527,54904,1,47227,50075,26.51,28.95
2026-06-07 11:39:29,1041680,20.57,2,22.93,37.24,440.20,0.20,998.57,196553,23.28,31.18,998.65,157.49,2,84,522,53059,1,46924,50296,26.75,28.81
2026-06-07 11:39:33,1045083,20.63,2,23.28,36.56,440.36,0.20,998.58,196202,23.45,30.55,998.67,157.30,2,84,521,53293,1,46137,50330,26.98,28.36
2026-06-07 11:39:36,1048485,20.82,2,23.66,35.75,441.20,0.20,998.57,195736,23.68,30.67,998.65,157.48,2,94,539,53873,1,46153,49435,27.27,28.12
2026-06-07 11:39:40,1051888,20.90,2,24.02,35.06,441.48,0.20,998.56,195736,23.82,30.44,998.67,157.31,2,104,556,53946,1,45826,48606,27.50,27.79
2026-06-07 11:39:43,1055292,21.00,2,24.42,34.43,441.84,0.20,998.59,195387,24.03,30.99,998.67,157.33,2,95,541,53455,1,45594,49318,27.85,27.81
2026-06-07 11:39:47,1058695,20.54,2,24.79,34.12,439.19,0.20,998.56,196319,24.18,31.50,998.66,157.35,2,83,520,52808,1,45795,50228,28.12,27.88
2026-06-07 11:39:50,1062097,20.87,2,25.21,33.99,440.83,0.20,998.54,194006,24.35,31.72,998.60,157.86,2,94,539,52665,1,45857,49251,28.34,27.93
2026-06-07 11:39:53,1065500,20.88,2,25.54,33.81,440.70,0.20,998.55,194006,24.46,30.67,998.64,157.59,2,87,527,53238,1,46325,49586,28.42,27.53
2026-06-07 11:39:57,1068903,20.71,2,25.77,33.27,439.63,0.20,998.56,194235,24.44,30.47,998.66,157.39,2,84,522,53401,1,46734,49703,28.65,27.23
2026-06-07 11:40:00,1072306,21.08,2,26.00,32.92,441.49,0.20,998.62,192757,24.61,30.82,998.70,157.08,2,95,541,53329,1,45966,48820,29.05,27.16
2026-06-07 11:40:04,1075708,21.63,2,26.05,33.26,444.32,0.21,998.62,191747,24.80,31.75,998.72,156.90,2,87,526,53709,1,45594,49485,29.20,27.36
2026-06-07 11:40:07,1079111,22.09,2,26.00,33.85,446.67,0.21,998.63,191301,24.84,30.87,998.72,156.85,2,80,514,53401,1,45347,49923,29.18,27.10
2026-06-07 11:40:10,1082514,22.15,2,25.93,33.79,446.83,0.21,998.61,192082,24.97,29.85,998.73,156.76,2,76,508,51764,1,45486,50109,29.34,26.70
2026-06-07 11:40:14,1085918,22.14,2,25.90,33.55,446.62,0.21,998.60,192419,25.16,29.32,998.65,157.43,2,86,525,52987,1,45764,49301,29.62,26.28
2026-06-07 11:40:17,1089320,21.94,2,26.08,33.11,445.37,0.21,998.56,192870,25.41,29.20,998.66,157.42,2,80,515,53041,1,44950,49838,30.04,26.06
2026-06-07 11:40:21,1092723,22.67,2,26.50,32.62,449.21,0.21,998.58,190197,25.74,29.31,998.70,157.02,2,97,545,52523,1,44032,48458,30.40,25.78
2026-06-07 11:40:24,1096126,23.86,2,26.94,32.24,455.67,0.22,998.58,187811,26.00,28.88,998.64,157.57,2,92,536,50878,1,43631,48803,30.70,25.50
2026-06-07 11:40:27,1099529,24.72,2,27.30,31.87,460.24,0.23,998.58,187170,26.17,29.28,998.64,157.52,2,102,552,50500,1,43602,47903,30.86,25.58
2026-06-07 11:40:31,1102931,25.49,2,27.71,31.71,464.39,0.23,998.56,185905,26.44,29.82,998.61,157.81,2,105,558,50999,1,42494,47564,31.26,25.84
2026-06-07 11:40:34,1106334,26.23,2,28.08,31.75,468.32,0.24,998.58,184471,26.73,29.56,998.65,157.44,2,109,564,49603,1,41980,47115,31.51,25.83
2026-06-07 11:40:38,1109737,26.74,2,28.37,31.35,471.03,0.24,998.58,183864,26.99,27.67,998.65,157.43,2,117,576,48803,1,42165,46388,31.89,25.17
2026-06-07 11:40:41,1113140,26.51,2,28.69,30.22,469.62,0.24,998.58,185083,27.23,26.28,998.67,157.29,2,123,586,49452,1,40775,45919,32.16,24.30
2026-06-07 11:40:44,1116544,25.83,2,29.06,29.22,465.68,0.23,998.58,186111,27.58,26.39,998.68,157.25,2,112,570,48952,1,40914,46798,32.55,23.87
2026-06-07 11:40:48,1119946,25.57,2,29.47,28.63,464.13,0.23,998.58,185083,27.86,25.65,998.71,156.96,2,132,600,48622,1,40446,45547,32.93,23.38
2026-06-07 11:40:51,1123349,25.52,2,29.83,27.91,463.70,0.23,998.53,184471,27.98,25.11,998.68,157.23,2,120,582,48474,1,40132,46309,32.91,22.76
2026-06-07 11:40:55,1126752,25.36,2,30.19,27.27,462.65,0.23,998.56,184471,28.08,25.13,998.70,157.05,2,120,582,48671,1,39619,46372,33.16,22.41
2026-06-07 11:40:58,1130155,24.67,2,30.43,26.85,458.67,0.22,998.54,185698,28.06,25.11,998.69,157.13,2,114,572,48853,1,39713,46861,33.12,22.10
2026-06-07 11:41:01,1133557,24.04,2,30.57,26.77,455.01,0.22,998.56,185905,27.77,25.32,998.68,157.21,2,107,560,48261,1,40186,47371,32.76,21.98
2026-06-07 11:41:05,1136960,23.29,2,30.76,26.55,450.65,0.21,998.55,186526,27.75,24.72,998.66,157.40,2,101,551,49318,1,41136,47725,32.80,21.74
2026-06-07 11:41:08,1140363,23.18,2,31.08,26.04,449.88,0.21,998.57,185288,27.72,24.24,998.68,157.19,2,111,567,50262,1,41331,46988,33.07,21.46
2026-06-07 11:41:12,1143766,22.85,2,31.48,25.31,447.88,0.21,998.56,185698,27.96,24.06,998.71,156.99,2,111,568,49151,1,41303,46972,33.67,21.25
2026-06-07 11:41:15,1147169,22.18,2,31.89,24.72,443.96,0.21,998.55,186526,28.30,24.51,998.74,156.73,2,125,589,48033,1,41025,46075,34.02,20.99
2026-06-07 11:41:18,1150572,23.86,2,31.51,25.29,453.25,0.22,998.68,181670,28.17,24.88,998.69,157.15,2,113,571,48196,1,39646,46893,33.70,20.94
2026-06-07 11:41:22,1153975,24.80,2,31.05,26.17,458.40,0.22,998.68,182661,27.79,25.34,998.72,156.84,2,143,617,47661,1,39619,44859,33.22,21.09
2026-06-07 11:41:25,1157378,25.57,2,30.41,26.96,462.59,0.23,998.67,183260,27.41,25.00,998.70,157.04,2,130,597,47661,1,39232,45609,32.46,20.96
2026-06-07 11:41:29,1160780,26.36,2,29.78,27.71,466.85,0.24,998.65,183662,27.11,25.29,998.68,157.24,2,125,589,48359,1,39834,46012,31.88,21.15
2026-06-07 11:41:32,1164184,26.58,2,29.20,28.41,467.97,0.24,998.67,185493,26.77,25.31,998.70,157.09,2,127,593,48229,1,39753,45872,31.33,21.24
2026-06-07 11:41:35,1167587,27.01,2,28.71,29.05,470.25,0.24,998.52,185797,26.55,25.40,998.67,157.31,2,130,598,48196,1,39861,45702,30.88,21.57
2026-06-07 11:41:39,1170990,26.57,2,29.32,28.30,467.67,0.24,998.50,187383,27.13,25.20,998.68,157.24,2,115,574,48803,1,39834,46766,31.53,21.96
2026-06-07 11:41:42,1174393,26.29,2,29.68,27.82,465.96,0.23,998.45,187277,27.65,24.85,998.67,157.31,2,102,553,48327,1,39312,47677,31.79,22.02
2026-06-07 11:41:46,1177796,26.40,2,30.10,27.29,466.44,0.23,998.46,186323,28.05,24.55,998.66,157.39,2,127,593,47984,1,39272,45841,32.22,22.01
2026-06-07 11:41:49,1181199,26.25,2,30.12,26.86,465.43,0.23,998.60,187383,28.05,24.27,998.64,157.54,2,113,571,47758,1,39539,46798,32.37,21.84
2026-06-07 11:41:52,1184603,26.73,2,29.65,27.55,468.04,0.24,998.63,186640,27.66,25.35,998.68,157.20,2,124,588,47403,1,39565,46153,32.01,22.14
2026-06-07 11:41:56,1188005,27.51,2,29.79,27.99,472.33,0.24,998.55,185288,27.38,26.23,998.69,157.13,2,128,594,47099,1,38197,45888,31.80,22.58
2026-06-07 11:41:59,1191408,28.67,2,29.60,28.66,478.76,0.25,998.60,183864,27.10,27.26,998.65,157.48,2,127,592,46703,1,38378,45764,31.48,23.08
2026-06-07 11:42:03,1194811,29.63,2,29.85,29.03,484.09,0.26,998.48,182860,27.46,27.29,998.71,156.96,2,131,598,46529,1,38783,45378,31.72,23.64
2026-06-07 11:42:06,1198215,30.36,2,30.30,28.58,488.15,0.27,998.51,182065,27.76,27.15,998.70,157.05,2,122,584,46262,1,38652,45764,31.99,23.96
2026-06-07 11:42:09,1201617,31.84,2,30.79,28.10,496.45,0.28,998.51,178953,28.24,27.16,998.69,157.11,2,122,584,46529,1,38094,45686,32.75,24.29
2026-06-07 11:42:13,1205020,33.65,2,30.33,28.88,506.71,0.29,998.57,177249,27.87,28.29,998.71,156.99,2,143,617,45872,1,37518,44196,32.33,24.36
2026-06-07 11:42:16,1208423,34.90,2,29.96,29.54,513.75,0.31,998.58,177436,27.57,27.83,998.66,157.35,2,129,596,45286,1,37518,45057,32.04,24.44
2026-06-07 11:42:20,1211827,35.87,2,29.50,30.10,519.19,0.32,998.53,177625,27.31,27.74,998.66,157.40,2,128,594,45841,1,37939,45133,31.62,24.37
2026-06-07 11:42:23,1215229,35.86,2,29.04,30.21,519.05,0.32,998.57,180108,27.00,25.95,998.62,157.69,2,122,584,47036,1,37786,45578,30.95,23.80
2026-06-07 11:42:26,1218632,35.11,2,29.16,29.54,514.67,0.31,998.45,182263,26.96,25.93,998.68,157.23,2,114,572,46798,1,38994,46278,30.70,23.74
2026-06-07 11:42:30,1222035,33.62,2,29.40,28.87,506.04,0.29,998.48,184879,27.46,25.61,998.68,156.97,2,120,582,47661,1,39086,45981,31.41,23.64
2026-06-07 11:42:33,1225439,32.21,2,29.60,28.18,497.89,0.28,998.46,186111,27.89,24.51,998.71,156.98,2,115,573,47758,1,39152,46435,31.69,23.17
2026-06-07 11:42:37,1228841,31.48,2,29.57,27.65,493.56,0.27,998.62,186218,28.11,24.11,998.67,157.31,2,130,597,47355,1,39166,45470,31.91,22.72
2026-06-07 11:42:40,1232244,31.09,2,28.98,28.22,491.24,0.27,998.64,187064,27.86,24.50,998.70,157.02,2,121,583,46909,1,39126,46278,31.56,22.51
2026-06-07 11:42:43,1235648,30.43,2,28.36,29.13,487.30,0.26,998.61,189213,27.44,25.01,998.70,157.03,2,116,576,46576,1,38443,45950,31.10,22.63
2026-06-07 11:42:47,1239051,30.11,2,27.87,30.19,485.33,0.26,998.60,189649,27.08,26.23,998.71,156.94,2,124,589,46403,1,38770,46121,30.84,23.08
2026-06-07 11:42:50,1242454,30.57,2,27.54,31.30,487.91,0.26,998.62,188240,26.84,27.14,998.69,157.17,2,129,596,46388,1,38770,45733,30.46,23.74
2026-06-07 11:42:54,1245857,31.62,2,27.26,32.24,493.83,0.27,998.63,186640,26.63,27.31,998.69,157.10,2,111,567,46435,1,39166,46845,30.21,24.17
2026-06-07 11:42:57,1249260,32.07,2,26.81,32.77,496.33,0.28,998.66,188132,26.38,25.90,998.73,156.79,2,112,569,47532,1,39956,46608,29.99,23.82
2026-06-07 11:43:00,1252663,30.98,2,26.14,33.03,489.96,0.27,998.65,193323,26.05,25.97,998.73,156.81,2,100,550,48392,1,40638,47548,29.49,23.66
2026-06-07 11:43:04,1256067,30.22,2,25.65,33.46,485.44,0.26,998.63,194579,25.69,27.30,998.78,156.40,2,98,546,48919,1,41261,47968,29.19,24.08
2026-06-07 11:43:07,1259469,29.51,2,25.21,34.33,481.17,0.25,998.66,195968,25.45,27.88,998.75,156.64,2,105,557,49102,1,41612,47596,29.05,24.43
2026-06-07 11:43:11,1262872,29.35,2,25.03,34.69,480.15,0.25,998.65,195619,25.29,28.41,998.78,156.38,2,91,535,48919,1,41471,48589,28.95,24.84
2026-06-07 11:43:14,1266275,29.66,2,24.89,35.04,481.81,0.26,998.65,194925,25.00,30.51,998.79,156.26,2,104,555,48737,1,41980,47628,28.75,25.65
2026-06-07 11:43:17,1269679,30.27,2,24.73,35.80,485.23,0.26,998.60,194006,24.77,30.69,998.81,156.15,2,83,519,47628,1,42394,49268,28.34,26.07
2026-06-07 11:43:21,1273081,29.65,2,24.80,35.70,481.52,0.26,998.60,196906,24.82,29.72,998.81,156.15,2,69,494,50706,1,43337,50381,28.14,26.14
2026-06-07 11:43:24,1276484,29.80,2,24.95,35.50,482.28,0.26,998.59,195271,24.95,30.77,998.79,156.29,2,81,516,49185,1,42899,49301,28.35,26.84
2026-06-07 11:43:28,1279887,30.22,2,25.04,35.59,484.64,0.26,998.58,194235,25.04,30.16,998.81,156.13,2,77,509,49771,1,43220,49569,28.47,27.10
2026-06-07 11:43:31,1283290,30.33,2,24.96,35.45,485.18,0.26,998.60,195040,25.08,29.77,998.79,156.25,2,79,512,50432,1,44331,49368,28.47,26.94
2026-06-07 11:43:34,1286693,30.58,2,24.71,35.62,486.49,0.26,998.62,195156,25.12,29.69,998.76,156.54,2,87,528,50126,1,44076,48688,28.59,26.98
2026-06-07 11:43:38,1290096,31.07,2,24.54,35.81,489.27,0.27,998.60,194694,24.96,30.26,998.81,156.11,2,73,501,49906,1,44692,50024,28.67,27.15
2026-06-07 11:43:41,1293499,32.04,2,24.41,36.38,494.82,0.28,998.60,193096,24.73,31.57,998.83,156.21,2,83,519,50364,1,44047,49185,28.43,27.59
2026-06-07 11:43:45,1296903,32.61,2,24.20,36.97,498.09,0.28,998.58,193550,24.34,30.24,998.76,156.57,2,77,508,50689,1,44692,49636,27.87,27.22
2026-06-07 11:43:48,1300305,32.15,2,23.97,36.60,495.26,0.28,998.58,196788,23.97,29.49,998.76,156.57,2,74,504,50586,1,45332,49788,27.50,26.86
2026-06-07 11:43:51,1303708,30.99,2,23.76,36.16,488.35,0.27,998.53,200137,23.72,29.41,998.74,156.68,2,65,486,52133,1,47355,50861,27.20,26.61
2026-06-07 11:43:55,1307111,30.40,2,23.42,36.17,484.76,0.26,998.56,200746,23.21,29.65,998.75,156.61,1,47,451,53800,1,47387,52826,26.53,26.45
2026-06-07 11:43:58,1310514,28.72,2,23.26,35.97,474.76,0.25,998.54,205378,22.90,30.00,998.72,156.88,1,64,485,52951,1,48327,51310,26.22,26.61
2026-06-07 11:44:02,1313916,27.62,2,23.15,35.84,468.15,0.24,998.55,206150,22.73,30.41,998.70,157.02,2,65,487,53800,1,48853,51345,26.20,26.67
2026-06-07 11:44:05,1317319,26.98,2,23.01,35.91,464.28,0.23,998.54,206667,22.70,31.03,998.72,156.85,1,59,475,54441,1,48836,52062,26.23,27.08
2026-06-07 11:44:08,1320722,26.61,2,22.89,36.19,461.96,0.23,998.54,207187,22.51,31.52,998.71,157.00,1,56,468,53964,1,50194,52451,26.02,27.35
2026-06-07 11:44:12,1324125,26.24,2,22.75,36.47,459.65,0.23,998.56,208235,22.45,31.73,998.72,156.85,1,53,463,55071,1,49502,52718,25.98,27.58
2026-06-07 11:44:15,1327528,26.13,2,22.65,36.62,458.86,0.22,998.55,208499,22.48,31.83,998.70,157.08,1,53,463,54607,1,50211,52701,25.79,27.77
2026-06-07 11:44:19,1330931,26.38,2,22.66,36.71,460.19,0.23,998.56,207972,22.49,32.31,998.77,156.50,1,55,467,54997,1,51189,52505,25.84,27.97
2026-06-07 11:44:22,1334334,26.66,2,22.58,37.05,461.69,0.23,998.57,208104,22.53,32.78,998.75,156.63,1,59,474,53982,1,51154,52133,25.83,28.40
2026-06-07 11:44:25,1337737,27.69,2,22.53,37.43,467.71,0.24,998.57,205892,22.61,33.06,998.75,156.62,2,68,493,54774,1,49201,51154,25.96,28.87
2026-06-07 11:44:29,1341139,28.54,2,22.44,37.88,472.59,0.24,998.59,205763,22.65,33.29,998.74,156.73,1,64,485,54312,1,49855,51484,26.01,29.06
2026-06-07 11:44:32,1344542,29.16,2,22.22,38.37,476.17,0.25,998.56,206150,22.64,33.38,998.79,156.29,2,66,489,53709,1,50024,51223,25.96,29.33
2026-06-07 11:44:36,1347946,29.99,2,22.04,38.86,480.97,0.25,998.57,205378,22.62,33.29,998.74,156.68,1,60,477,53491,1,49720,51816,25.93,29.43
2026-06-07 11:44:39,1351349,30.86,2,21.84,39.22,486.07,0.26,998.57,204995,22.56,32.88,998.76,156.54,1,59,475,54663,1,49956,51869,25.83,29.40
2026-06-07 11:44:42,1354752,31.48,2,21.69,39.54,489.66,0.27,998.59,205378,22.52,33.56,998.78,156.34,1,64,485,53745,1,50689,51397,25.70,29.79
2026-06-07 11:44:46,1358154,32.00,2,21.54,40.12,492.60,0.27,998.58,205378,22.47,33.98,998.76,156.55,1,60,476,54074,1,50194,51851,25.65,30.05
2026-06-07 11:44:49,1361558,32.58,2,21.41,40.66,495.97,0.28,998.58,204867,22.42,33.91,998.77,156.50,1,62,480,54885,1,50262,51624,25.52,30.15
2026-06-07 11:44:53,1364961,32.60,2,21.24,40.87,495.98,0.28,998.61,206408,22.32,33.40,998.73,156.81,2,65,487,55053,1,50500,51241,25.46,30.05
2026-06-07 11:44:56,1368364,32.10,2,21.07,40.90,492.92,0.27,998.59,208499,22.24,32.92,998.77,156.44,1,54,466,54792,1,51397,52310,25.30,29.87
2026-06-07 11:44:59,1371767,31.63,2,20.89,40.92,489.97,0.27,998.58,209560,22.16,32.78,998.78,156.37,1,63,483,54220,1,51397,51519,25.17,29.73
2026-06-07 11:45:03,1375170,31.15,2,20.73,40.85,486.99,0.26,998.60,210767,22.07,32.39,998.80,156.20,1,49,455,56525,1,52310,53059,25.05,29.64
2026-06-07 11:45:06,1378573,30.73,2,20.61,40.76,484.41,0.26,998.60,211716,22.04,32.43,998.78,156.36,1,60,478,56125,1,52523,52010,25.08,29.51
2026-06-07 11:45:10,1381976,29.97,2,20.56,40.62,479.74,0.25,998.59,213777,22.02,32.94,998.81,156.08,1,54,466,55897,1,51449,52718,25.16,29.61
2026-06-07 11:45:13,1385378,29.75,2,20.55,40.73,478.26,0.25,998.59,213223,22.01,33.47,998.78,156.34,1,63,483,56832,1,52115,51922,25.25,29.84
2026-06-07 11:45:16,1388781,30.25,2,20.56,40.92,481.14,0.25,998.61,211444,22.01,33.98,998.79,156.26,1,56,469,56049,1,51834,52576,25.31,30.00
2026-06-07 11:45:20,1392185,31.32,2,20.54,41.38,487.49,0.26,998.60,209294,21.99,35.30,998.83,156.52,1,52,461,55108,1,51589,52933,25.36,30.51
2026-06-07 11:45:23,1395588,32.91,2,20.60,42.03,496.99,0.28,998.62,206408,22.00,36.02,998.82,156.01,1,59,474,56411,1,50792,52168,25.45,31.09
2026-06-07 11:45:27,1398990,34.42,2,20.59,42.52,505.98,0.29,998.62,204995,22.03,35.79,998.80,156.19,1,60,477,55034,1,51362,51869,25.48,31.09
2026-06-07 11:45:30,1402393,35.90,2,20.67,42.54,514.84,0.31,998.61,203475,22.03,35.47,998.83,155.94,2,66,489,55445,1,51362,51171,25.50,31.25
2026-06-07 11:45:33,1405797,36.99,2,20.73,42.58,521.35,0.32,998.63,203099,22.07,35.29,998.78,156.39,2,66,489,54220,1,50809,51102,25.56,31.32
2026-06-07 11:45:37,1409200,37.92,2,20.70,42.62,526.89,0.33,998.62,202599,22.09,35.08,998.81,156.15,2,75,505,55746,1,50109,50262,25.54,31.12
2026-06-07 11:45:40,1412602,38.18,2,20.54,42.81,528.39,0.33,998.64,203979,22.01,34.89,998.81,156.09,2,76,507,55370,1,50160,50211,25.41,31.03
2026-06-07 11:45:44,1416005,37.90,2,20.41,42.72,526.65,0.33,998.62,205763,21.91,34.04,998.80,156.24,1,59,475,55314,1,51276,51816,25.30,30.73
2026-06-07 11:45:47,1419409,37.12,2,20.27,42.51,521.86,0.32,998.62,208104,21.88,33.59,998.80,156.22,1,55,468,56525,1,51571,52274,25.20,30.43
2026-06-07 11:45:50,1422812,36.48,2,20.16,42.33,517.85,0.31,998.62,209028,21.83,33.63,998.79,156.26,2,66,489,56564,1,51659,51328,25.28,30.30
2026-06-07 11:45:54,1426214,36.46,2,20.14,42.28,517.65,0.31,998.61,208104,21.78,34.86,998.78,156.34,1,62,481,55426,1,50999,51816,25.24,30.54
2026-06-07 11:45:57,1429618,36.64,2,20.18,42.63,518.69,0.32,998.63,207448,21.74,36.24,998.80,156.21,1,61,479,54848,1,50964,51922,25.28,31.13
2026-06-07 11:46:01,1433021,37.36,2,20.22,43.26,523.02,0.32,998.64,205378,21.65,36.56,998.80,156.21,1,61,479,54220,1,50535,51816,25.21,31.47
2026-06-07 11:46:04,1436424,38.59,2,20.23,43.72,530.43,0.34,998.64,202973,21.53,36.85,998.76,156.52,1,51,459,55841,1,50500,52683,25.07,31.81
2026-06-07 11:46:07,1439826,39.45,2,20.24,44.04,535.62,0.35,998.63,202724,21.50,37.23,998.78,156.34,1,54,464,54459,1,51362,52327,25.09,32.11
2026-06-07 11:46:11,1443230,40.55,2,20.24,44.83,542.25,0.36,998.64,200746,21.51,38.06,998.84,155.90,1,60,477,54257,1,51189,51589,25.11,32.37
2026-06-07 11:46:14,1446633,40.96,2,20.14,44.84,544.69,0.37,998.64,201854,21.50,35.79,998.78,156.38,1,54,466,55127,1,51729,52010,25.06,31.83
2026-06-07 11:46:18,1450036,40.48,2,20.03,44.30,541.70,0.36,998.63,204613,21.49,34.81,998.82,156.07,1,51,458,56832,1,52612,52451,25.12,31.33
2026-06-07 11:46:21,1453440,39.74,2,19.91,43.67,537.12,0.35,998.62,206537,21.48,34.08,998.81,156.14,1,55,468,55973,1,52897,52133,25.10,30.91
2026-06-07 11:46:25,1456842,38.64,2,19.80,43.24,530.35,0.34,998.61,209028,21.48,33.87,998.83,155.92,1,62,481,57665,1,52487,51694,25.07,30.49
2026-06-07 11:46:28,1460245,37.60,2,19.73,43.01,523.91,0.32,998.63,210498,21.47,34.13,998.81,156.15,1,58,472,56871,1,52808,52274,25.13,30.34
2026-06-07 11:46:31,1463649,36.95,2,19.73,43.04,519.83,0.32,998.64,210632,21.48,34.48,998.78,156.41,1,59,476,57218,1,52487,52186,25.18,30.32
2026-06-07 11:46:35,1467052,36.58,2,19.77,43.01,517.46,0.31,998.62,210632,21.46,34.58,998.82,156.01,1,61,479,56967,1,52027,52010,25.20,30.26
2026-06-07 11:46:38,1470455,35.71,2,19.76,42.89,512.04,0.30,998.64,212948,21.46,34.06,998.84,155.94,1,58,473,57548,1,52398,52274,25.21,29.98
2026-06-07 11:46:42,1473858,35.32,2,19.70,42.76,509.57,0.30,998.65,212810,21.40,34.06,998.85,155.78,1,54,465,56986,1,52594,52718,25.09,29.94
2026-06-07 11:46:45,1477261,34.78,2,19.61,42.87,506.16,0.29,998.65,214194,21.29,34.61,998.87,155.63,1,49,454,57218,1,52665,53365,24.90,29.89
2026-06-07 11:46:48,1480665,34.32,2,19.53,43.13,503.24,0.29,998.66,214893,21.17,34.46,998.86,155.69,1,53,463,57334,1,52772,52933,24.74,29.90
2026-06-07 11:46:52,1484067,34.30,2,19.41,43.39,503.01,0.29,998.64,214473,21.03,34.94,998.86,155.69,1,51,458,57880,1,53293,53166,24.55,30.19
2026-06-07 11:46:55,1487470,34.17,2,19.24,43.94,502.12,0.29,998.65,215314,20.94,35.69,998.84,155.85,2,65,487,56948,1,53564,51746,24.21,30.43
2026-06-07 11:46:59,1490873,33.86,2,19.18,44.30,500.08,0.28,998.64,216304,20.87,35.45,998.85,155.76,1,43,442,57238,1,53528,54019,24.19,30.69
2026-06-07 11:47:02,1494276,33.89,2,19.14,44.32,500.19,0.28,998.65,215879,20.86,35.03,998.84,155.90,1,55,466,58530,1,54074,52701,24.27,30.71
2026-06-07 11:47:05,1497678,34.05,2,19.13,44.08,501.10,0.29,998.63,215879,20.79,34.81,998.86,155.69,1,59,475,58234,1,53455,52310,24.07,30.58
2026-06-07 11:47:09,1501081,33.92,2,19.19,43.68,500.17,0.28,998.61,217017,20.74,34.91,998.84,155.87,1,53,464,58988,1,54276,52933,24.11,30.63
2026-06-07 11:47:12,1504485,34.28,2,19.28,43.56,502.31,0.29,998.60,215737,20.79,35.84,998.88,155.53,1,62,481,57607,1,53238,52080,24.20,31.04
2026-06-07 11:47:16,1507888,34.79,2,19.32,43.63,505.39,0.29,998.60,215033,20.84,35.84,998.88,155.50,1,55,467,57296,1,53419,52772,24.22,31.16
2026-06-07 11:47:19,1511290,34.84,2,19.38,43.49,505.63,0.29,998.63,216162,20.88,35.35,998.86,155.68,1,59,476,57685,1,53455,52310,24.29,31.11
2026-06-07 11:47:22,1514694,35.27,2,19.41,43.31,508.22,0.30,998.65,215174,20.94,35.22,998.82,156.00,1,57,472,57607,1,53401,52487,24.28,31.12
2026-06-07 11:47:26,1518097,35.68,2,19.42,43.28,510.71,0.30,998.63,215033,20.93,35.35,998.87,155.59,1,62,481,57861,1,53329,52045,24.30,30.98
2026-06-07 11:47:29,1521500,35.20,2,19.31,43.33,507.66,0.30,998.64,218022,20.84,34.57,998.85,155.75,1,56,469,57626,1,53202,52647,24.16,30.71
2026-06-07 11:47:33,1524902,34.66,2,19.13,43.33,504.20,0.29,998.68,219475,20.77,34.36,998.88,155.56,1,52,460,57783,1,53691,53148,24.06,30.60
2026-06-07 11:47:36,1528305,34.35,2,18.97,43.40,502.12,0.29,998.67,220062,20.68,34.40,998.84,155.87,1,55,467,58689,1,54037,52915,23.80,30.44
2026-06-07 11:47:39,1531708,34.02,2,18.86,43.48,499.98,0.28,998.64,221096,20.62,34.60,998.88,155.53,1,60,477,58630,1,53491,52487,23.71,30.53
2026-06-07 11:47:43,1535111,33.40,2,18.79,43.73,496.00,0.28,998.66,222892,20.55,35.94,998.91,155.31,1,58,473,58018,1,54165,52718,23.73,31.10
2026-06-07 11:47:46,1538513,32.99,2,18.74,44.05,493.33,0.27,998.66,223194,20.51,35.69,998.86,155.70,1,48,452,58037,1,54867,53782,23.76,31.09
2026-06-07 11:47:50,1541917,32.89,2,18.71,44.27,492.64,0.27,998.64,222892,20.52,35.61,998.87,155.61,1,54,466,57373,1,53691,53059,23.93,31.20
2026-06-07 11:47:53,1545320,33.18,2,18.74,44.22,494.33,0.27,998.63,221990,20.50,35.42,998.83,155.93,1,60,476,58412,1,54092,52487,23.97,31.13
2026-06-07 11:47:56,1548723,33.50,2,18.79,44.01,496.28,0.28,998.61,221841,20.47,35.27,998.84,155.86,1,54,466,59168,1,54074,53005,23.94,30.95
2026-06-07 11:48:00,1552125,33.52,2,18.82,43.82,496.28,0.28,998.62,222892,20.35,35.14,998.85,155.74,1,50,456,58077,1,54001,53528,23.85,30.92
2026-06-07 11:48:03,1555528,32.92,2,18.84,43.61,492.42,0.27,998.63,225332,20.26,35.26,998.87,155.63,1,45,447,59449,1,54312,54037,23.89,30.86
2026-06-07 11:48:07,1558931,32.97,2,18.88,43.40,492.62,0.27,998.65,224105,20.30,35.35,998.85,155.80,2,67,490,58888,1,54811,51886,24.01,30.84
2026-06-07 11:48:10,1562334,33.03,2,18.86,43.39,492.92,0.27,998.65,224410,20.33,35.47,998.88,155.55,1,48,452,58729,1,54774,53836,24.07,30.80
